{
    "nom" : "Métropole",
    "liste": [
        {
            "id": "192",
            "nom":"TF1",
            "canal":"1",
            "logo":"tf1",
            "categorie":"Généraliste"
        },
        {
            "id": "4",
            "nom":"France 2",
            "canal":"2",
            "logo":"france2",
            "categorie":"Généraliste"
        },
        {
            "id": "80",
            "nom":"France 3",
            "canal":"3",
            "logo":"france3",
            "categorie":"Généraliste"
        },
        {
            "id": "34",
            "nom":"Canal +",
            "canal":"4",
            "logo":"canal+",
            "categorie":"Généraliste"
        },
        {
            "id": "47",
            "nom":"France 5",
            "canal":"5",
            "logo":"france5",
            "categorie":"Généraliste"
        },
        {
            "id": "118",
            "nom":"M6",
            "canal":"6",
            "logo":"m6",
            "categorie":"Généraliste"
        },
        {
            "id": "111",
            "nom":"Arte",
            "canal":"7",
            "logo":"arte",
            "categorie":"Généraliste"
        },
        {
            "id": "445",
            "nom":"C8",
            "canal":"8",
            "logo":"c8",
            "categorie":"Généraliste"
        },
        {
            "id": "119",
            "nom":"W9",
            "canal":"9",
            "logo":"w9",
            "categorie":"Généraliste"
        },
        {
            "id": "195",
            "nom":"TMC",
            "canal":"10",
            "logo":"tmc",
            "categorie":"Généraliste"
        },
        {
            "id": "446",
            "nom":"NT1",
            "canal":"11",
            "logo":"nt1",
            "categorie":"Généraliste"
        },
        {
            "id": "444",
            "nom":"NRJ12",
            "canal":"12",
            "logo":"nrj12",
            "categorie":"Généraliste"
        },
        {
            "id": "78",
            "nom":"France 4",
            "canal":"14",
            "logo":"france4",
            "categorie":"Généraliste"
        },
        {
            "id": "160",
            "nom":"France Ô",
            "canal":"19",
            "logo":"franceo",
            "categorie":"Généraliste"
        },
        {
            "id": "1401",
            "nom":"L'équipe 21",
            "canal":"21",
            "logo":"lequipe21",
            "categorie":"Généraliste"
        },
        {
            "id": "21403",
            "nom":"6ter",
            "canal":"22",
            "logo":"6ter",
            "categorie":"Généraliste"
        },
        {
            "id": "2111",
            "nom":"France Info",
            "canal":"27",
            "logo":"franceinfo",
            "categorie":"Généraliste"
        },
        {
            "id": "20205",
            "nom":"TV5 Monde",
            "canal":"33",
            "logo":"tv5monde",
            "categorie":"Généraliste"
        },
        {
            "id": "449",
            "nom":"TéléSud",
            "canal":"252",
            "logo":"telesud",
            "categorie":"Généraliste"
        },
        {
            "id": "234",
            "nom":"LCP",
            "canal":"13",
            "logo":"lcp",
            "categorie":"Information"
        },
        {
            "id": "481",
            "nom":"BFM TV",
            "canal":"15",
            "logo":"bfmtv",
            "categorie":"Information"
        },
        {
            "id": "226",
            "nom":"iTélé",
            "canal":"16",
            "logo":"itele",
            "categorie":"Information"
        },
        {
            "id": "112",
            "nom":"LCI",
            "canal":"26",
            "logo":"lci",
            "categorie":"Information"
        },
        {
            "id": "-1",
            "nom":"Public Sénat",
            "canal":"102",
            "logo":"publicsenat",
            "categorie":"Information"
        },
        {
            "id": "529",
            "nom":"France 24",
            "canal":"105",
            "logo":"france24",
            "categorie":"Information"
        },
        {
            "id": "1073",
            "nom":"BFM Business",
            "canal":"103",
            "logo":"bfmbusiness",
            "categorie":"Information"
        },
        {
            "id": "671",
            "nom":"France 24 English",
            "canal":"175",
            "logo":"france24english",
            "categorie":"Information"
        },
        {
            "id": "53",
            "nom":"CNN",
            "canal":"171",
            "logo":"cnn",
            "categorie":"Information"
        },
        {
            "id": "51",
            "nom":"CNBC",
            "canal":"172",
            "logo":"cnbc",
            "categorie":"Information"
        },
        {
            "id": "410",
            "nom":"Bloomberg",
            "canal":"173",
            "logo":"bloomberg",
            "categorie":"Information"
        },
        {
            "id": "21400",
            "nom":"RMC Découverte",
            "canal":"24",
            "logo":"rmcdecouverte",
            "categorie":"Découverte et Art de vivre"
        },
        {
            "id": "30191",
            "nom":"Teva",
            "canal":"30",
            "logo":"teva",
            "categorie":"Découverte et Art de vivre"
        },
        {
            "id": "1451",
            "nom":"Campagnes Tv",
            "canal":"112",
            "logo":"campagnestv",
            "categorie":"Découverte et Art de vivre"
        },
        {
            "id": "449",
            "nom":"KTO",
            "canal":"166",
            "logo":"kto",
            "categorie":"Découverte et Art de vivre"
        },
        {
            "id": "64",
            "nom":"Equidia LIFE",
            "canal":"81",
            "logo":"equidialife",
            "categorie":"sports"
        },
        {
            "id": "1146",
            "nom":"Equidia LIVE",
            "canal":"80",
            "logo":"equidialive",
            "categorie":"sports"
        },
        {
            "id": "787",
            "nom":"No Life",
            "canal":"130",
            "logo":"nolife",
            "categorie":"Jeunes adultes"
        },
        {
            "id": "-1",
            "nom":"GINX",
            "canal":"198",
            "logo":"ginx",
            "categorie":"Jeunes adultes"
        },
        {
            "id": "226",
            "nom":"Gulli",
            "canal":"18",
            "logo":"gulli",
            "categorie":"Jeunesse"
        },
        {
            "id": "20058",
            "nom":"Disney Channel",
            "canal":"70",
            "logo":"disneychannel",
            "categorie":"Jeunesse"
        },
        {
            "id": "21404",
            "nom":"HD1",
            "canal":"20",
            "logo":"hd1",
            "categorie":"Divertissement"
        },
        {
            "id": "21402",
            "nom":"Numéro 23",
            "canal":"23",
            "logo":"numero23",
            "categorie":"Divertissement"
        },
        {
            "id": "21399",
            "nom":"Chérie 25",
            "canal":"25",
            "logo":"cherie25",
            "categorie":"Divertissement"
        },
        {
            "id": "1061",
            "nom":"Lucky Jack",
            "canal":"207",
            "logo":"luckyjack",
            "categorie":"Divertissement"
        },
        {
            "id": "1996",
            "nom":"Fashion Tv",
            "canal":"170",
            "logo":"fashiontv",
            "categorie":"Société et Culture"
        },
        {
            "id": "531",
            "nom":"Luxe Tv",
            "canal":"161",
            "logo":"luxetv",
            "categorie":"Société et Culture"
        },
        {
            "id": "829",
            "nom":"MyZen",
            "canal":"162",
            "logo":"myzen",
            "categorie":"Société et Culture"
        },
        {
            "id": "-1",
            "nom":"Mens Up",
            "canal":"163",
            "logo":"mensup",
            "categorie":"Société et Culture"
        },
        {
            "id": "987",
            "nom":"Ma chaine étudiante",
            "canal":"164",
            "logo":"mce",
            "categorie":"Société et Culture"
        },
        {
            "id": "57",
            "nom":"Demain !",
            "canal":"165",
            "logo":"demain",
            "categorie":"Société et Culture"
        },
        {
            "id": "458",
            "nom":"CStar",
            "canal":"17",
            "logo":"cstar",
            "categorie":"Musique"
        },
        {
            "id": "20490",
            "nom":"Trace Urban",
            "canal":"140",
            "logo":"traceurban",
            "categorie":"Musique"
        },
        {
            "id": "-1",
            "nom":"NRJ Hits TV",
            "canal":"141",
            "logo":"nrjhitstv",
            "categorie":"Musique"
        },
        {
            "id": "-1",
            "nom":"Virgin Radio Tv",
            "canal":"142",
            "logo":"virginradiotv",
            "categorie":"Musique"
        },
        {
            "id": "-1",
            "nom":"Clubbing",
            "canal":"143",
            "logo":"clubbing",
            "categorie":"Musique"
        },
        {
            "id": "-1",
            "nom":"OFive",
            "canal":"144",
            "logo":"ofive",
            "categorie":"Musique"
        },
        {
            "id": "-1",
            "nom":"BBlack Classik",
            "canal":"145",
            "logo":"bblackclassik",
            "categorie":"Musique"
        },
        {
            "id": "-1",
            "nom":"BBlack Caribbean",
            "canal":"146",
            "logo":"bblackcaribbean",
            "categorie":"Musique"
        }
    ]
}